                  epoch,         train/box_loss,         train/cls_loss,         train/dfl_loss,   metrics/precision(B),      metrics/recall(B),       metrics/mAP50(B),    metrics/mAP50-95(B),           val/box_loss,           val/cls_loss,           val/dfl_loss,                 lr/pg0,                 lr/pg1,                 lr/pg2
                      1,                 1.2265,                 2.1501,                 1.2117,                0.48163,                 0.0732,                0.07097,                0.04958,                 1.1863,                 2.8058,                0.79528,             0.00041543,             0.00041543,             0.00041543
                      2,                 1.2296,                 1.5258,                 1.2246,                  0.372,                0.02941,                 0.0349,                0.02163,                 1.1852,                 2.5053,                0.82588,             0.00081562,             0.00081562,             0.00081562
                      3,                  1.263,                 1.3721,                 1.2501,                0.37671,                 0.0393,                0.05141,                0.03427,                 1.2115,                 2.2978,                0.80282,              0.0011993,              0.0011993,              0.0011993
                      4,                 1.2251,                  1.237,                 1.2275,                0.49424,                0.04473,                 0.0649,                0.04096,                 1.1516,                 2.0059,                 0.7886,              0.0011757,              0.0011757,              0.0011757
                      5,                 1.1958,                 1.1202,                 1.2107,                0.76783,                0.05078,                0.07255,                0.04637,                 1.0865,                  1.945,                0.75961,              0.0011757,              0.0011757,              0.0011757
