                  epoch,         train/box_loss,         train/cls_loss,         train/dfl_loss,   metrics/precision(B),      metrics/recall(B),       metrics/mAP50(B),    metrics/mAP50-95(B),           val/box_loss,           val/cls_loss,           val/dfl_loss,                 lr/pg0,                 lr/pg1,                 lr/pg2
                      6,                 1.1574,                 1.0407,                  1.186,                0.79038,                0.12513,                0.16747,                0.12642,                 1.0484,                 1.4678,                0.73966,               0.001151,               0.001151,               0.001151
                      7,                 1.1136,                0.96946,                 1.1616,                0.81942,                0.17589,                0.21993,                0.16145,                 1.0023,                 1.5422,                0.72452,              0.0011263,              0.0011263,              0.0011263
                      8,                 1.1037,                0.94969,                 1.1584,                0.85704,                0.18423,                0.21929,                0.16654,                 1.0021,                  1.422,                0.71818,              0.0011015,              0.0011015,              0.0011015
                      9,                 1.0809,                0.88192,                 1.1434,                 0.8434,                 0.1192,                 0.1408,                0.10204,                0.99538,                 1.3825,                0.71707,              0.0010768,              0.0010768,              0.0010768
                     10,                 1.0617,                0.85957,                 1.1339,                0.86442,                0.22293,                0.26361,                0.19244,                0.98145,                 1.4371,                0.71523,               0.001052,               0.001052,               0.001052
